{
  "hash": "258808e4",
  "configHash": "8344040b",
  "lockfileHash": "a9c7a715",
  "browserHash": "1b5a55dc",
  "optimized": {
    "@angular/common": {
      "src": "../../../../../../node_modules/@angular/common/fesm2022/common.mjs",
      "file": "@angular_common.js",
      "fileHash": "847f63b0",
      "needsInterop": false
    },
    "@angular/core": {
      "src": "../../../../../../node_modules/@angular/core/fesm2022/core.mjs",
      "file": "@angular_core.js",
      "fileHash": "faeef023",
      "needsInterop": false
    },
    "@angular/forms": {
      "src": "../../../../../../node_modules/@angular/forms/fesm2022/forms.mjs",
      "file": "@angular_forms.js",
      "fileHash": "2c019870",
      "needsInterop": false
    },
    "@angular/platform-browser": {
      "src": "../../../../../../node_modules/@angular/platform-browser/fesm2022/platform-browser.mjs",
      "file": "@angular_platform-browser.js",
      "fileHash": "11aa3ee0",
      "needsInterop": false
    },
    "tslib": {
      "src": "../../../../../../node_modules/tslib/tslib.es6.mjs",
      "file": "tslib.js",
      "fileHash": "433aacde",
      "needsInterop": false
    }
  },
  "chunks": {
    "chunk-2UQRG3E5": {
      "file": "chunk-2UQRG3E5.js"
    },
    "chunk-DF3FXWMO": {
      "file": "chunk-DF3FXWMO.js"
    },
    "chunk-NCL3RS2V": {
      "file": "chunk-NCL3RS2V.js"
    }
  }
}